CREATE TABLE EMP(
	EMPNO int(4)  PRIMARY KEY,		-- 사원번호
	ENAME VARCHAR(10),				-- 사원이름
	JOB VARCHAR(9),					-- 업무
	MGR int(4),						-- 상사의 사원번호
	HIREDATE DATE,					-- 입사일
	SAL decimal(7,2),				-- 급여
	COMM decimal(7,2),				-- 커미션
	DEPTNO int(2));					-- 부서번호

INSERT INTO EMP VALUES
(7369,'SMITH','CLERK',7902,cast('2010-10-19' as date),800,NULL,20);

INSERT INTO EMP VALUES
(7499,'ALLEN','SALESMAN',7698,cast('2000-10-19' as date),1600,300,30);

INSERT INTO EMP VALUES
(7521,'WARD','SALESMAN',7698,cast('2013-05-19' as date),1250,500,30);

INSERT INTO EMP VALUES
(7566,'JONES','MANAGER',7839,cast('2018-10-19' as date),2975,NULL,20);

INSERT INTO EMP VALUES
(7654,'MARTIN','SALESMAN',7698,cast('2008-04-19' as date),1250,1400,30);

INSERT INTO EMP VALUES
(7698,'BLAKE','MANAGER',7839,cast('2016-11-19' as date),2850,NULL,30);

INSERT INTO EMP VALUES
(7782,'CLARK','MANAGER',7839,cast('2017-10-19' as date),2450,NULL,10);

INSERT INTO EMP VALUES
(7788,'SCOTT','ANALYST',7566,cast('2013-10-11' as date),3000,NULL,20);

INSERT INTO EMP VALUES
(7839,'KING','PRESIDENT',NULL,cast('2014-08-19' as date),5000,NULL,10);

INSERT INTO EMP VALUES
(7844,'TURNER','SALESMAN',7698,cast('2010-10-19' as date),1500,0,30);

INSERT INTO EMP VALUES
(7876,'ADAMS','CLERK',7788,cast('2000-09-19' as date),1100,NULL,20);

INSERT INTO EMP VALUES
(7900,'JAMES','CLERK',7698,cast('2018-10-19' as date),950,NULL,30);

INSERT INTO EMP VALUES
(7902,'FORD','ANALYST',7566,cast('2003-10-19' as date),3000,NULL,20);

INSERT INTO EMP VALUES
(7934,'MILLER','CLERK',7782,cast('2002-10-19' as date),1300,NULL,10);


CREATE TABLE IF NOT EXISTS `BONUS` (
  `ENAME` varchar(10) DEFAULT NULL,			
  `JOB` varchar(9) DEFAULT NULL,
  `SAL` double DEFAULT NULL,
  `COMM` double DEFAULT NULL
) ENGINE=InnoDB DEFAULT CHARSET=utf8;


CREATE TABLE IF NOT EXISTS `DEPT` (
  `DEPTNO` int(11) NOT NULL,				-- 부서번호
  `DNAME` varchar(14) DEFAULT NULL,			-- 부서이름
  `LOC` varchar(13) DEFAULT NULL,			-- 부서위치
  PRIMARY KEY (`DEPTNO`)
) ENGINE=InnoDB DEFAULT CHARSET=utf8;



INSERT INTO `DEPT` (`DEPTNO`, `DNAME`, `LOC`) VALUES
(10, 'ACCOUNTING', 'NEW YORK'),
(20, 'RESEARCH', 'DALLAS'),
(30, 'SALES', 'CHICAGO'),
(40, 'OPERATIONS', 'BOSTON');

CREATE TABLE IF NOT EXISTS `SALGRADE` (
  `GRADE` double DEFAULT NULL,		-- 급여 등급
  `LOSAL` double DEFAULT NULL,		-- 등급의 시작 급여
  `HISAL` double DEFAULT NULL       -- 등급의 범위 끝
) ENGINE=InnoDB DEFAULT CHARSET=utf8;

INSERT INTO `SALGRADE` (`GRADE`, `LOSAL`, `HISAL`) VALUES
(1, 700, 1200),
(2, 1201, 1400),
(3, 1401, 2000),
(4, 2001, 3000),
(5, 3001, 9999);